vendor_matrix_level,supplier_count,total_spend,avg_late_delivery_rate,avg_defect_rate,avg_compliance_failure_rate,avg_cancelled_order_rate,avg_vendor_risk_score
High,1,9236240.47,21.052631578947366,10.866574358013057,39.1812865497076,9.35672514619883,4.684210526315789
Low,3,26278790.020000003,16.285346713442074,2.998117835128119,7.392073875026964,7.283132430530533,1.1076849181181403
Medium,1,9858665.9,19.230769230769234,8.272326614898637,24.358974358974358,8.974358974358974,3.1858974358974357
